{
  "date": "2021-03-17T04:11:13.217Z",
  "title": "UK adsense Pin Verified cho chinh.uk",
  "thumbnail": "https://chinh.uk/img/uploads/tiep_house.jpg",
  "description": "Tiếp đang kéo con ga new UK sang có pin, verified pin UK adsense tại domain là https://chinh.uk",
  "body": "Tiếp đang kéo con ga new UK sang có pin, verified pin UK adsense tại domain là [https://chinh.uk](https://chinh.uk/?fbclid=IwAR1yDnYJ1xpzqeG65lurgjQMDypv0EXMBJf_A68oIkp5DPDb0SlXIpyLQSM)\n\n\\- Tài nguyên sử dụng; video, nội dung, hình ảnh liên quan đến bất động sản của Trần Thùy Chinh.\n\n\\- Website được build dựa trên ecommerce.\n\n\\- Kéo traffic từ hơn 100 groups nhóm chuyên về bất động sản.\n\n\\- Chạy quảng cáo kéo dài từ page Tiếp đến [chinh.uk](http://chinh.uk/?fbclid=IwAR1G9Rks1y6RLA-YVVDknvgBb7BOPpXKOVrdXJfb8g3-GwY-wGh81VA8amI)",
  "meta_description": "Tiếp đang kéo con ga new UK sang có pin, verified pin UK adsense",
  "meta_title": "Tiếp đang kéo con ga new UK sang có pin, verified pin UK adsense"
}