{
  "marketing_stripe": {
    "text": "Miễn phí vận chuyển toàn quốc",
    "link": "/pages/cac-cau-hoi-thuong-gap"
  },
  "contacts_stripe": {
    "pages": [
      {
        "title": "px@tiep.us",
        "link": "mailto:px@tiep.us"
      },
      {
        "title": "Tiếp Video Creator",
        "link": "/blog"
      }
    ],
    "phone_wpp": true,
    "socials": true
  },
  "categories_list": {
    "featured": [],
    "random": 6,
    "full_width": false
  },
  "search_input": true
}